<?xml version="1.0" encoding="UTF-8"?><artifacts>
    <artifact name="HealthcareAPI" groupId="com.example.api" version="1.0.0" type="synapse/api" serverRole="EnterpriseServiceBus">
        <file>src/main/synapse-config/api/HealthcareAPI.xml</file>
    </artifact>
    <artifact name="HealthcareAPI_swagger" groupId="com.example.metadata" version="1.0.0" type="synapse/metadata" serverRole="EnterpriseServiceBus">
        <file>src/main/resources/metadata/HealthcareAPI_swagger.yaml</file>
    </artifact>
    <artifact name="HealthcareAPI_metadata" groupId="com.example.metadata" version="1.0.0" type="synapse/metadata" serverRole="EnterpriseServiceBus">
        <file>src/main/resources/metadata/HealthcareAPI_metadata.yaml</file>
    </artifact>
    <artifact name="GrandOakEndpoint" groupId="com.example.endpoint" version="1.0.0" type="synapse/endpoint" serverRole="EnterpriseServiceBus">
        <file>src/main/synapse-config/endpoints/GrandOakEndpoint.xml</file>
    </artifact>
    <artifact name="PineValleyEndpoint" groupId="com.example.endpoint" version="1.0.0" type="synapse/endpoint" serverRole="EnterpriseServiceBus">
        <file>src/main/synapse-config/endpoints/PineValleyEndpoint.xml</file>
    </artifact>
</artifacts>
